Year,"Total Coal Consumption of Transport, Storage and Postal Services(10,000 tons)","Total Coke Consumption of Transport, Storage and Postal Services(10,000 tons)","Total Crude Oil Consumption of Transport, Storage and Postal Services(10,000 tons)","Total Gasoline Consumption of Transport, Storage and Postal Services(10,000 tons)","Total Kerosene Consumption of Transport, Storage and Postal Services(10,000 tons)","Total Diesel Oil Consumption of Transport, Storage and Postal Services(10,000 tons)","Total Fuel Oil Consumption of Transport, Storage and Postal Services(10,000 tons)","Total Natural Gas Consumption of Transport, Storage and Postal Services(100 million m3)","Total Electricity Consumption of Transport, Storage and Postal Services(100 million kWh)","Total Gasoline Consumption of Residential Consumption(10,000 tons)","Total Population(10,000 persons)",Per Capita GDP (yuan),Proportion of Secondary Industry (%),Proportion of Tertiary Industry (%),Urbanization Rate (%),Freight Turnover (100 million ton-kilometers),Passenger Turnover (100 million passenger-kilometers),Proportion of Railway Transport (%),Proportion of Highway Transport (%),Proportion of Civil Aviation Transport (%),"Number of Private Vehicles Owned (10,000 units)",Energy Structure (%),"Energy Intensity (ton of standard coal / 10,000 yuan)",Energy Efficiency of Transport Equipment (L/100km)
1995,1315.10 ,10.10 ,156.77 ,982.30 ,250.01 ,1246.56 ,227.45 ,1.57 ,182.30 ,63.70 ,121121,5091,46.8,33.7,29.04 ,35908.9 ,9001.9 ,42.09 ,13.07 ,0.18 ,249.96,92.1,1.16,9.5
1996,1175.94 ,6.64 ,159.00 ,991.32 ,298.86 ,1261.06 ,224.46 ,4.01 ,197.88 ,86.42 ,122389,5898,47.1,33.6,30.48 ,36589.8 ,9164.8 ,41.19 ,13.77 ,0.20 ,289.67,92.2,1.09,9.44
1997,1431.19 ,6.47 ,164.69 ,1183.16 ,420.10 ,1379.53 ,582.23 ,3.70 ,255.88 ,94.22 ,123626,6481,47.1,35,31.91 ,38384.7 ,10055.5 ,40.08 ,13.85 ,0.20 ,358.36,91.8,1,9.39
1998,1390.60 ,10.30 ,168.85 ,1216.61 ,390.48 ,1901.93 ,565.56 ,3.68 ,255.63 ,107.07 ,124761,6860,45.8,37,33.35 ,38088.7 ,10636.7 ,38.94 ,14.49 ,0.22 ,423.65,91.7,0.93,9.33
1999,1294.26 ,10.14 ,169.49 ,1265.52 ,505.62 ,2221.65 ,840.00 ,4.80 ,254.78 ,121.13 ,125786,7229,45.4,38.6,34.78 ,40567.8 ,11299.7 ,38.06 ,14.16 ,0.23 ,533.88,92.1,0.89,9.28
2000,1139.94 ,11.24 ,175.02 ,1387.79 ,536.40 ,2543.81 ,850.00 ,5.81 ,281.20 ,127.58 ,126743,7942,45.5,39.8,36.22 ,44320.5 ,12261.1 ,37.36 ,13.87 ,0.25 ,625.33,90.5,0.86,9.22
2001,1050.88 ,11.68 ,169.81 ,1419.37 ,560.69 ,2671.01 ,855.00 ,5.96 ,309.32 ,134.60 ,127627,8717,44.8,41.2,37.66 ,47709.9 ,13155.1 ,36.96 ,13.39 ,0.23 ,770.78,89.2,0.84,9.17
2002,1054.95 ,11.44 ,177.94 ,1503.00 ,616.74 ,2964.80 ,872.10 ,6.37 ,338.00 ,163.80 ,128453,9506,44.5,42.2,39.09 ,50685.9 ,14125.6 ,36.92 ,13.54 ,0.26 ,968.98,89.5,0.84,9.11
2003,1067.33 ,10.79 ,148.31 ,1861.64 ,621.68 ,3485.20 ,940.29 ,6.82 ,396.94 ,198.75 ,129227,10666,45.6,42,40.53 ,53859.2 ,13810.5 ,37.48 ,13.39 ,0.25 ,1219.23,90.3,0.88,8.82
2004,832.12 ,1.79 ,123.82 ,2308.46 ,819.71 ,4182.24 ,1150.44 ,11.16 ,449.65 ,286.54 ,129988,12487,45.9,41.2,41.76 ,69445.0 ,16309.1 ,33.17 ,11.56 ,0.27 ,1481.66,90.1,0.94,8.54
2005,815.34 ,1.07 ,126.87 ,2470.05 ,882.42 ,5019.41 ,1161.02 ,16.43 ,430.34 ,303.83 ,130756,14368,47,41.3,42.99 ,80258.1 ,17466.7 ,31.03 ,11.15 ,0.26 ,1848.07,90.2,0.95,8.52
2006,724.80 ,0.85 ,163.66 ,2722.35 ,1000.54 ,5747.32 ,1280.60 ,17.24 ,467.37 ,343.04 ,131448,16738,47.6,41.8,44.34 ,88839.9 ,19197.2 ,30.04 ,11.32 ,0.28 ,2333.32,89.9,0.93,8.06
2007,685.45 ,0.55 ,163.66 ,2763.19 ,1129.98 ,6794.36 ,1389.95 ,16.89 ,531.91 ,434.40 ,132129,20494,46.9,42.9,45.89 ,101418.8 ,21592.6 ,28.68 ,11.56 ,0.29 ,2876.22,89.5,0.88,7.98
2008,665.41 ,0.29 ,165.66 ,3090.43 ,1174.59 ,7649.31 ,1142.77 ,71.55 ,571.82 ,855.14 ,132802,24100,47,42.9,46.99 ,110300.0 ,23196.7 ,27.96 ,29.01 ,0.28 ,3501.39,88.2,0.82,7.89
2009,640.89 ,0.14 ,153.42 ,2881.59 ,1314.25 ,7891.96 ,1250.64 ,91.07 ,617.01 ,999.08 ,133450,26180,46,44.4,48.34 ,122133.3 ,24834.9 ,25.55 ,29.74 ,0.28 ,4574.91,88,0.79,7.81
2010,639.23,0.12,158,3204.93,1601.08,8518.56,1326.65,106.7,734.53,1213.65,134091,30808,46.5,44.2,49.95 ,141837.4 ,27894.3 ,24.24 ,29.88 ,0.31 ,5938.71,86.6,0.77,7.72
2011,645.85,0.09,105.4,3573.52,1646.35,9485.2,1345.16,138.35,848.42,1458.56,134916,36277,46.5,44.3,51.83 ,159323.6 ,30984.0 ,23.25 ,31.56 ,0.30 ,7326.79,87,0.75,7.5
2012,614.26,0.09,119.4,3753.03,1787.09,10727.03,1383.94,154.51,915.37,1666.52,135922,39771,45.4,45.5,53.10 ,173804.5 ,33383.1 ,21.35 ,33.61 ,0.29 ,8838.6,85.5,0.73,7.42
2013,615.41,2.21,148.73,4381.8,1998.18,10920.53,1428.99,175.78,1000.92,1896.45,136726,43497,44.2,46.9,54.49 ,168013.8 ,27571.7 ,22.51 ,32.19 ,0.33 ,10501.68,84.5,0.69,7.33
2014,557.97,2.7,44.85,4665.01,2216.03,11042.8,1486.37,214.42,1059.24,2118.83,137646,46912,43.1,48.3,55.75 ,181667.7 ,28647.1 ,20.39 ,30.47 ,0.34 ,12339.36,83.1,0.67,7.22
2015,491.6,3.02,35.85,5306.59,2504.88,11162.8,1439.49,237.62,1125.61,2593.11,138326,49922,40.8,50.8,57.33 ,178355.9 ,30058.9 ,19.07 ,31.52 ,0.39 ,14099.1,82.2,0.63,7.04
2016,403.86,3.21,22.34,5511.15,2814.94,11068.48,1511.38,254.77,1251.49,2969.67,139232,53783,39.6,52.4,58.84 ,186629.5 ,31258.5 ,18.49 ,31.58 ,0.42 ,16330.22,80.9,0.6,6.43
2017,352.71,6.01,8.67,5698.53,3173.31,11253.69,1771.34,284.71,1417.98,3294.17,140011,59592,39.9,52.7,60.24 ,197372.7 ,32812.8 ,19.46 ,32.61 ,0.45 ,18515.11,79.5,0.58,6.05
2018,321,0,9,6068,3463,11167,1796,286,1608,3504,140541,65534,39.7,53.3,61.50 ,204686.2 ,34218.2 ,19.96 ,33.53 ,0.48 ,20574.93,77.9,0.56,5.8
2019,283,0,9,6245,3689,9867,2025,341,1752,3839,141008,70078,38.6,54.3,62.71 ,199394.3 ,35349.2 ,21.32 ,28.75 ,0.53 ,22508.99,76.7,0.55,5.56
2020,241,0,1,5574,3111,9532,2042,354,1751,3718,141212,71828,37.8,54.5,63.89 ,201945.7 ,19251.5 ,18.83 ,29.44 ,0.34 ,24291.19,75.7,0.55,5.61
2021,120,0,1,6223,3246,9984,2302,366,1993,4175,141260,81370,39.3,53.5,64.72 ,223600.4 ,19758.2 ,18.73 ,30.38 ,0.33 ,26152.02,74.5,0.54,5.1
2022,94,0,0.61,5845.63,1808.85,10058.16,2149.02,339.84,2041.41,3766.21,141175,85310,39.3,53.4,65.22 ,231782.7 ,12921.5 ,18.23 ,29.66 ,0.23 ,27792.11,74,0.54,4.11
